AGID	lab_id	catalog_number	set_id	peptide_target	protein_expression
AGID00100	882	sc-628	Old	1433BETA	0.50418
AGID00111	913	sc-23957	Old	1433EPSILON	0.094426
AGID00101	883	sc-1019	Old	1433ZETA	-0.13027
AGID00001	2	9452	Old	4EBP1	-0.36546
AGID00002	3	9456	Old	4EBP1_pS65	-0.057759
AGID00003	6	9459	Old	4EBP1_pT37T46	-0.031029
AGID00443	8	9455	Old	4EBP1_pT70	0.10964
AGID00120	985	4937	Old	53BP1	-1.1904
AGID00004	13	3661	Old	ACC_pS79	-0.50578
AGID00005	14	1768-1/ab45174	Old	ACC1	-0.57706
AGID00408	2372	3658	Set179	AceCS1	0.9960096
AGID00473	1182	5335	Old	ACETYLATUBULINLYS40	-0.39324
AGID00404	2367	9189	Set179	ACSL1	0.05085643
AGID02144	2450	PA5-27081	Old	ACVRL1	0.24989
AGID00186	1198	ab88574	Old	ADAR1	0.17873
AGID00146	1084	4691	Old	AKT	-0.36961
AGID00028	230	9271	Old	AKT_pS473	-0.81354
AGID00170	1154	2965	Old	AKT_pT308	-0.75404
AGID00316	1800	3063	Set179	Akt2	-0.2860504
AGID00347	2009	8599	Set179	Akt2_pS474	0.09149147
AGID02215	2577	ab195377	Set179	ALKBH5	-0.827591
AGID00498	924	CA1030	Old	ALPHACATENIN	NA
AGID00287	1630	ABC80	Set179	Ambra1_pS52	0.02068576
AGID00236	1351	ab129081	Set179	AMPK-a2_pS345	0.03636133
AGID00006	39	2532	Old	AMPKALPHA	-0.18921
AGID00007	40	2535	Old	AMPKALPHA_pT172	0.28917
AGID00193	1208	610066	Old	ANNEXIN1	3.1272
AGID00166	1142	610668	Old	ANNEXINVII	-0.0071666
AGID00371	756	1852-1/ab52615	Old	AR	-1.6985
AGID00194	1217	4432	Old	ARAF	0.17659
AGID02191	2507	PA5-39728	Old	ARAF_pS299	-0.11718
AGID00260	1053	sc-32761	Old	ARID1A	0.15426
AGID00264	1560	HPA029318	Old	ASNS	0.2203
AGID00276	1612	3415	Set179	Atg3	-0.0136624
AGID00309	1775	13507	Set179	Atg4B	-0.2505359
AGID00310	1776	12994	Set179	Atg5	-0.1247814
AGID00277	1613	8558	Set179	Atg7	0.008420215
AGID00242	1363	2873	Old	ATM	-0.21361
AGID02142	2447	13050	Set179	ATM_pS1981	1.648934
AGID00217	1289	ab14748	Set179	ATP5A	1.410598
AGID02145	2451	PA5-43776	Set179	ATP5H	-0.2844864
AGID02150	2456	13934	Set179	ATR	-0.04395288
AGID00315	1795	ab178407	Set179	ATR_pS428	0.3476529
AGID00268	1569	ab97508	Set179	ATRX	-1.167832
AGID00391	2332	14475	Set179	Aurora-A	-0.4202214
AGID00392	2333	2914	Set179	Aurora-ABC_pT288_pT232_pT198	-0.1288215
AGID02195	2512	MA5-27890	Set179	Aurora-B	-0.1974038
AGID00215	1271	8661	Old	AXL	NA
AGID02143	2449	8457	Set179	b-Actin	0.4502272
AGID00179	1170	9565	Set179	b-Catenin_pT41_S45	-0.346328
AGID00301	1725	14058	Set179	B7-H3	-0.8891226
AGID00302	1726	14572	Set179	B7-H4	-0.3450739
AGID00008	63	9291	Old	BAD_pS112	-0.18083
AGID00009	71	1542-1/ab32371	Old	BAK	-0.65797
AGID00192	1207	sc-28383	Old	BAP1C4	-0.56217
AGID00010	73	2772	Old	BAX	-0.56746
AGID00433	80	M0887	Old	BCL2	-0.49929
AGID00219	1299	PAB8528	Old	BCL2A1	-0.0064664
AGID00012	84	1018-1	Old	BCLXL	-0.38025
AGID00377	87	sc-10086	Old	BECLIN	0.62856
AGID00011	75	9562	Old	BETACATENIN	0.036784
AGID00013	88	1008-1/ab32060	Old	BID	-0.30699
AGID00180	90	1036-1/ab32158	Old	BIM	-0.61776
AGID00221	1311	610978	Set179	BiP-GRP78	0.121776
AGID00373	2194	07-507	Set179	BMK1-Erk5_pT218_Y220	0.02300825
AGID00355	92	1647/ab33899	Old	BRAF	-0.70316
AGID00014	94	2696	Old	BRAF_pS445	0.02405
AGID00445	761	9012	Old	BRCA2	-0.24486
AGID00266	1567	13440	Old	BRD4	-0.66207
AGID00168	1146	2865	Set179	c-Abl_pY412	0.3992712
AGID00278	1615	3130	Set179	c-IAP2	0.2037045
AGID00345	1990	5649	Old	CA9	NA
AGID00265	1565	2862	Old	CABL	-0.14397
AGID00429	2407	2679	Set179	Calnexin	-0.4796905
AGID00176	1165	9496	Set179	Caspase-8-cleaved	0.8693185
AGID00623	111	9665	Old	CASPASE3	0.71401
AGID00015	109	9491	Old	CASPASE7CLEAVEDD198	2.486
AGID00118	951	9746	Old	CASPASE8	0.60202
AGID00537	935	551246	Old	CASPASE9	NA
AGID00016	114	3238	Old	CAVEOLIN1	1.9822
AGID00358	2100	ab76000	Set179	CD134	-0.3062091
AGID00303	1737	826701	Set179	CD171	-0.8897712
AGID00410	125	1632-1/ab78237	Old	CD20	-0.13275
AGID00220	1308	ab28340	Old	CD26	0.58977
AGID00191	1206	610467	Set179	CD29	0.006185358
AGID00017	127	M0823	Old	CD31	0.26415
AGID00369	2174	ab108403	Set179	CD38	0.2577974
AGID00359	2104	ab133616	Set179	CD4	0.01420385
AGID00411	1398	3570	Set179	CD44	-0.05191867
AGID00237	1352	M070101-2	Set179	CD45	0.5853057
AGID00115	937	611016	Old	CD49B	0.27207
AGID02171	2482	91882	Set179	CD86	0.411314
AGID00329	1873	4688	Set179	cdc25C	-0.2115957
AGID00227	1332	4651	Set179	Cdc42	-0.06326062
AGID00422	2396	3387	Set179	Cdc6	-0.2756728
AGID00501	1007	9112	Old	CDK1	0.095822
AGID00293	1658	ab32384	Set179	CDK1_pT14	-1.060986
AGID00314	1783	4539	Old	CDK1_pY15	0.14324
AGID00423	2397	8064	Set179	CDT1	-0.4972639
AGID02101	2348	15102	Set179	cGAS	0.03432422
AGID00447	2410	13460	Set179	CHD1L	-0.1204022
AGID00189	1203	2360	Old	CHK1	-0.59343
AGID00234	1348	ab79758	Old	CHK1_pS296	0.2299
AGID00107	903	2348	Old	CHK1_pS345	-0.2666
AGID00018	146	3440	Old	CHK2	-0.26794
AGID00019	147	2197	Old	CHK2_pT68	0.28858
AGID00527	2078	4952	Old	CIAP	-0.067413
AGID00350	2018	3793	Set179	CIITA	0.1922278
AGID00434	155	9164	Old	CJUN_pS73	0.12406
AGID00020	157	1522-1/ab32363	Old	CKIT	0.35736
AGID00400	852	NB100-91714	Old	CLAUDIN7	1.0626
AGID00466	726	3127	Old	CMET	0.14822
AGID00079	727	3129	Old	CMET_pY1235	0.041318
AGID00167	161	9402	Old	CMYC	-0.24305
AGID00292	1656	11130-1-AP	Old	COG3	-0.28914
AGID00021	171	sc-20649	Old	COLLAGENVI	-0.25662
AGID00141	1069	459230	Old	COMPLEXIISUBUNIT30	NA
AGID00267	1568	3512	Set179	Connexin-43	-0.7742859
AGID00269	1571	6434	Set179	Coup-TFII	-0.9948358
AGID00150	1116	4850	Set179	Cox-IV	0.2343903
AGID00195	1218	4842	Set179	Cox2	-0.06767593
AGID00188	803	05-739	Old	CRAF	-0.20733
AGID00022	179	9427	Old	CRAF_pS338	0.071577
AGID00023	181	9197	Set179	Creb	-0.4610025
AGID00393	2334	9198	Set179	CREB_pS133	-0.002715121
AGID00365	2155	4980	Set179	CSK	0.8200164
AGID00367	2160	9201	Set179	CtIP	-0.1901185
AGID00536	2096	ab107198	Old	CTLA4	NA
AGID00025	198	2936	Set179	Cyclin-D3	1.144436
AGID00024	192	1495-1/ab32053	Old	CYCLINB1	-0.40903
AGID00382	194	sc-718	Old	CYCLIND1	0.060088
AGID00437	199	sc-25303	Old	CYCLINE1	-0.66545
AGID00449	202	1142-1	Old	CYCLINE2	-0.53264
AGID00209	1257	ab110324	Set179	Cyclophilin-F	0.1175962
AGID00247	1379	ab48389	Set179	D-a-Tubulin	0.003533952
AGID00308	1770	GTX10524	Set179	DAPK1_pS308	0.4511584
AGID00304	1744	ab51601	Set179	DAPK2	0.2506021
AGID00343	1980	6998	Set179	DDB-1	-0.02026857
AGID00427	2402	5583	Set179	DDR1	0.182622
AGID00428	2403	SAB4504671	Set179	DDR1_pY513	0.357001
AGID00532	1273	Bast Lab	Old	DIRAS3	0.047654
AGID00104	891	ab76008	Old	DJ1	-0.43057
AGID02146	2452	4658	Set179	DM-Histone-H3	-0.3445802
AGID00386	1397	ab32521	Set179	DM-K9-Histone-H3	-0.123511
AGID00352	2030	14649	Set179	DNA-Ligase-IV	0.2272957
AGID00407	2371	13609	Set179	DNA_POLG	0.07375649
AGID00399	2344	5032	Set179	DNMT1	-0.2039432
AGID00409	2373	5391	Set179	DRP1	-0.09958658
AGID00253	1406	5149	Old	DUSP4	0.88804
AGID00334	1936	ab76310	Set179	DUSP6	0.06717087
AGID00116	940	3218	Old	DVL3	-0.74476
AGID00211	1261	sc-251	Old	E2F1	NA
AGID00148	1099	3195	Old	ECADHERIN	0.38535
AGID00135	1060	2332	Old	EEF2	-0.57986
AGID00136	1061	3692	Old	EEF2K	-0.40771
AGID00152	1120	2232	Old	EGFR	0.27446
AGID00450	217	2234	Old	EGFR_pY1068	1.3291
AGID00026	221	1124-1/ab32578	Old	EGFR_pY1173	-0.10773
AGID00078	722	9742	Old	EIF4E	-0.016312
AGID00328	1871	ab76256	Set179	eIF4E_pS209	0.05134849
AGID00154	1124	2498	Old	EIF4G	0.0023739
AGID00027	228	9181	Set179	Elk1_pS383	-0.4661822
AGID00235	1350	M061329-2	Set179	EMA	0.7703678
AGID00394	2337	3810	Set179	Enolase-1	0.3324944
AGID00395	2338	8171	Set179	Enolase-2	-0.4486462
AGID00196	1219	GTX629542	Old	ENY2	NA
AGID00438	1849	A302-024A	Set179	EphA2	1.645311
AGID00552	2422	6347	Set179	EphA2_pS897	1.87867
AGID00553	2423	12677	Set179	EphA2_pY588	0.7212402
AGID00075	693	556347	Old	EPPK1	2.2938
AGID00335	238	RM-9101	Old	ERALPHA	-1.5698
AGID00029	241	1091-1/ab32396	Old	ERALPHA_pS118	-0.68411
AGID00240	247	MS-671	Old	ERCC1	-0.66749
AGID00239	1355	11331-1-AP	Old	ERCC5	-0.012685
AGID00484	249	sc-154	Old	ERK2	-0.1446
AGID00372	2193	3552	Set179	Erk5	-0.4625485
AGID00405	2369	13826	Set179	ERRalpha	0.3853875
AGID00187	1200	A303-501A	Old	ETS1	-0.045645
AGID00511	2492	2593	Set179	EVI1	0.03367987
AGID00485	1284	4905	Old	EZH2	NA
AGID00030	252	1700-1/ab40794	Set179	FAK	-1.295224
AGID02151	2457	8556	Set179	FAK_pY397	0.2342813
AGID00171	1156	3180	Old	FASN	-0.36213
AGID00356	2085	500-P18/10775-082	Set179	FGF-basic	-0.1291629
AGID00031	262	1574-1/ab45688	Old	FIBRONECTIN	-0.6955
AGID00339	1959	4403	Set179	FN14	0.3022313
AGID02152	2458	20459	Old	FOXM1	0.060197
AGID00378	269	9467	Old	FOXO3A	0.14209
AGID02197	2515	orb6051	Old	FOXO3A_pS318S321	0.40862
AGID02167	2475	PA5-64616	Set179	FRS2-alpha_pY196	0.2018649
AGID02213	2575	ab124892	Set179	FTO	-0.9181314
AGID02141	2446	12263	Old	G6PD	0.23197
AGID00117	943	3239	Old	GAB2	-0.39235
AGID00412	274	AM4300	Old	GAPDH	-1.9727
AGID00086	764	558686	Old	GATA3	-0.87878
AGID00383	1578	4253	Old	GATA6	NA
AGID00289	1634	12601-1-AP	Set179	GCLC	0.2819069
AGID00305	1745	ab124827	Set179	GCLM	-0.09330583
AGID00212	1263	3305	Old	GCN5L2	NA
AGID00270	1579	3538	Set179	Gli1	-0.2720625
AGID00263	1520	ab69838	Set179	Gli3	0.1366235
AGID00548	2530	3660	Set179	Glucocorticoid-Receptor	-0.5914114
AGID00387	1617	12793	Set179	Glutamate-D1-2	-0.01738783
AGID00262	1491	ab156876	Set179	Glutaminase	0.2580659
AGID00319	1807	4275	Set179	Granzyme-B	1.220345
AGID00368	2169	ab183737	Set179	GRB7	0.108593
AGID00396	2339	3593	Set179	Grp75	-0.1165115
AGID00174	1163	9315	Set179	GSK-3B	-0.6643741
AGID00502	1082	9336	Old	GSK3_pS9	-0.030928
AGID00033	284	sc-7291	Old	GSK3ALPHABETA	-0.0018862
AGID00034	285	9331	Old	GSK3ALPHABETA_pS21S9	0.078011
AGID00129	1035	3886	Old	GYS	NA
AGID00130	1036	3891	Old	GYS_pS641	NA
AGID01354	1342	9718	Set179	H2AX_pS139	-0.1025812
AGID00363	1409	MA1-2022	Set179	H2AX_pS140	0.1967313
AGID00131	1038	MS-325-P1	Old	HER2	-0.12743
AGID00142	299	06-229	Old	HER2_pY1248	0.54739
AGID00110	911	sc-285	Old	HER3	0.13724
AGID00080	728	4791	Old	HER3_pY1289	0.12646
AGID00103	890	2573	Old	HEREGULIN	0.64798
AGID00271	1582	11988	Set179	HES1	0.03050146
AGID00397	2340	2024	Set179	Hexokinase-I	0.3106531
AGID00442	1023	2867	Set179	Hexokinase-II	1.711288
AGID00419	1402	610958	Old	HIF1ALPHA	NA
AGID00205	1250	ab1791	Set179	Histone-H3	-1.596987
AGID00398	2341	3377	Set179	Histone-H3_pS10	-0.3114706
AGID00332	1901	ab128959	Set179	HLA-DQA1	-0.1133431
AGID00333	1902	14832-1-AP	Set179	HMHA1	-0.549706
AGID00035	321	2402	Set179	HSP27	0.3570662
AGID00036	323	2401	Set179	HSP27_pS82	1.854005
AGID00320	1808	12165	Set179	HSP60	-0.09348106
AGID00037	325	4872	Old	HSP70	-1.1601
AGID00366	2158	86630	Set179	IDO	3.688005
AGID00197	1221	3024	Old	IGF1R_pY1135Y1136	0.30623
AGID00038	335	3922	Old	IGFBP2	0.1198
AGID00090	793	611504	Set179	IGFBP3	0.3329002
AGID00039	336	3027	Set179	IGFRb	-1.123314
AGID00336	1949	12153	Set179	IL-6	-0.09780878
AGID02221	2583	57145	Set179	IMP3	-0.02359933
AGID02153	2459	14543	Old	INPP4B	0.25385
AGID00272	1586	3025	Set179	IR-b	0.2463924
AGID00519	2519	4302	Set179	IRF-3	0.1367565
AGID00520	2520	4947	Set179	IRF-3_pS396	0.02007708
AGID00223	1316	sc-497	Old	IRF1	0.18982
AGID00092	802	06-248	Old	IRS1	0.36091
AGID00040	371	4502	Set179	IRS2	1.959373
AGID00250	1394	sc-13157	Old	JAB1	0.07786
AGID00256	1413	ab109536	Set179	Jagged1	0.02974339
AGID00177	1166	3230	Old	JAK2	-0.30426
AGID00758	377	4671	Old	JNK_pT183Y185	0.41652
AGID02136	2439	PA5-28262	Old	JNK2	-0.25386
AGID00307	1757	ab10484	Set179	KAP1	-0.3227677
AGID00528	904	2180	Old	KU80	-0.5151
AGID00375	2237	HPA028732	Set179	LAD1	1.067633
AGID00290	1643	IHC-00439	Set179	Lasu1	-0.6083125
AGID00279	1618	4108	Set179	LC3A-B	-0.3750306
AGID00042	397	2752	Old	LCK	0.51708
AGID00119	976	3582	Old	LDHA	NA
AGID00533	977	ab85319	Old	LDHB	NA
AGID00529	1477	3050	Old	LKB1	0.25614
AGID00244	1367	2568	Set179	LRP6_pS1490	-0.29529
AGID00439	2424	2796	Set179	Lyn	1.923386
AGID02154	2460	4370	Old	MAPK_pT202Y204	0.62606
AGID00198	1222	5453	Set179	Mcl-1	-0.1152345
AGID00288	1633	AB3314P	Set179	MCT4	0.07678726
AGID00175	1164	3521	Set179	MDM2_pS166	-0.003334572
AGID00044	417	1235-1/ab32576	Old	MEK1	-0.04315
AGID00143	1076	9154	Old	MEK1_pS217S221	0.56268
AGID00201	1243	9125	Set179	MEK2	-0.05188171
AGID00361	2118	ab51061	Set179	MelanA	0.1839338
AGID00362	2119	ab137078	Set179	Melanoma-gp100	0.2302386
AGID00337	1951	12711	Set179	MERIT40	-0.1346173
AGID00338	1952	12110	Set179	MERIT40_pS29	-0.07890041
AGID02212	2574	ab195352	Set179	METTL3	-0.1980799
AGID00225	1323	sc-20121	Set179	MIF	-0.6758938
AGID00137	1062	WH0054206M1	Old	MIG6	0.1182
AGID00403	2117	ab20663	Set179	MITF	-0.3842437
AGID00503	1067	ab3298	Old	MITOCHONDRIA	NA
AGID00321	1809	14739	Set179	Mitofusin-1	-0.2535579
AGID00322	1810	11925	Set179	Mitofusin-2	-0.06906161
AGID00389	2324	3515	Set179	MLH1	-0.37321
AGID00312	1780	14993	Set179	MLKL	1.799518
AGID00402	2359	MAB3328	Set179	MMP14	-0.8341785
AGID00045	435	4022	Set179	MMP2	-0.3905237
AGID00122	1005	2195	Set179	Mnk1	0.01705073
AGID00331	1899	sc-377312	Set179	MR1	-0.5086786
AGID00273	1589	ab103319	Set179	MRAP	0.1503187
AGID00530	440	4847	Old	MRE11	0.53613
AGID00390	905	2850	Old	MSH2	-0.081506
AGID00138	1063	22030002	Old	MSH6	-0.66571
AGID00299	1675	ab76148	Set179	MSI2	-0.4824268
AGID00232	1344	ab14705	Set179	MTCO1	0.734566
AGID00046	444	2983	Old	MTOR	-0.10967
AGID00047	446	2971	Old	MTOR_pS2448	0.11891
AGID00204	1247	H00009788-M01A	Set179	MTSS1	0.8159293
AGID00401	1139	21370002	Old	MYH11	-0.044696
AGID00291	1647	3403	Old	MYOSINIIA	NA
AGID00173	1160	5026	Old	MYOSINIIA_pS1943	0.36077
AGID00318	1803	4282	Set179	Myt1	0.07764735
AGID00216	1274	5795-1/ab129189	Old	NAPSINA	NA
AGID00418	452	4061	Old	NCADHERIN	0.08177
AGID00156	1126	3217	Old	NDRG1_pT346	1.7612
AGID02133	2436	PA5-45913	Set179	NDUFB4	-0.08309744
AGID00134	1046	22710002	Old	NF2	-0.51606
AGID00048	457	3033	Old	NFKBP65_pS536	0.2777
AGID02155	2461	3608	Old	NOTCH1	0.23838
AGID00340	1969	4147	Set179	Notch1-cleaved	0.01450646
AGID00087	767	sc-5593	Set179	Notch3	-0.06385083
AGID00258	1420	3187	Set179	NQO1	1.977277
AGID00162	1136	sc-31	Old	NRAS	0.066663
AGID00257	1419	12721	Old	NRF2	NA
AGID00297	1669	2750	Set179	Oct-4	0.0120068
AGID00420	466	1712-1/ab40803	Old	P16INK4A	-0.11413
AGID00384	470	sc-6246	Old	P21	-0.077398
AGID00105	897	1591-1/ab32034	Old	P27	0.041109
AGID00096	842	AF1555	Old	P27_pT157	-0.21493
AGID00099	878	ab64949	Old	P27_pT198	0.014709
AGID00181	1175	9228	Set179	p38-a	0.4409071
AGID00098	479	9211	Old	P38_pT180Y182	0.73083
AGID00049	478	9212	Old	P38MAPK	0.02077
AGID00151	1119	4695	Set179	p44-42-MAPK	-0.05785757
AGID00050	481	9282	Old	P53	0.4732
AGID00490	1187	610833	Old	P62LCKLIGAND	-0.4
AGID00545	1415	ab53039	Old	P63	NA
AGID00052	494	9205	Old	P70S6K_pT389	0.50937
AGID00051	493	1494-1/ab32529	Old	P70S6K1	-0.6643
AGID00085	759	9347	Old	P90RSK	0.58303
AGID00531	770	9344	Old	P90RSK_pT359S363	0.46387
AGID00182	1178	9346	Set179	p90RSK_pT573	-0.5253204
AGID00053	499	612024	Old	PAI1	1.112
AGID00224	1322	HPA035895	Set179	PAICS	-0.9235555
AGID00323	1811	2602	Set179	PAK1	-0.07104888
AGID02199	2517	PA5-69540	Set179	PAK4	0.337773
AGID00245	1370	4336-BPC-100	Set179	PAR	-0.8854396
AGID00374	2209	66564	Set179	PARG	-0.6327968
AGID00370	1372	sc-7150	Old	PARP1	NA
AGID00468	501	9546	Old	PARPCLEAVED	0.16356
AGID00274	1591	ab53715	Set179	Patched	0.06283455
AGID00513	2486	60433	Set179	PAX6	-0.2846736
AGID00441	1621	9857	Set179	PAX8	-0.01691954
AGID00054	504	2542	Old	PAXILLIN	-0.98295
AGID00055	509	2130	Old	PCADHERIN	0.13107
AGID00248	511	ab29	Old	PCNA	-0.11075
AGID00413	2095	43248	Old	PDCD1	NA
AGID00094	816	600-401-965	Old	PDCD4	0.79333
AGID00385	1225	3169	Set179	PDGFRB	-0.1067407
AGID00210	1258	ab110332	Set179	PDH	0.5081079
AGID00324	1817	3205	Set179	PDHA1	0.09132016
AGID00280	1622	3820	Set179	PDHK1	-0.1026833
AGID00056	515	3062	Old	PDK1	-0.018749
AGID00057	516	3061	Old	PDK1_pS241	0.077861
AGID00300	1234	sc-19090	Old	PDL1	0.77571
AGID00124	1017	2780	Old	PEA15	-0.33843
AGID00125	1018	44-836G	Old	PEA15_pS116	-0.40352
AGID00440	2429	3192	Set179	PERK	-0.09694882
AGID02207	2569	ab192876	Set179	PGM1	0.1786403
AGID00281	1623	13428	Set179	PHGDH	-0.008247859
AGID00425	2399	22789-1-AP	Set179	PHLPP	-0.2766339
AGID00226	1330	sc-376412	Set179	PI3K-p110-b	2.738926
AGID00093	808	4255	Old	PI3KP110ALPHA	0.12259
AGID00058	523	06-195	Old	PI3KP85	-0.25982
AGID00296	1667	5675	Set179	PKA-a	-0.1990552
AGID00259	1426	9375	Set179	PKC-a-b-II_pT638_T641	0.2472737
AGID00172	529	05-154	Old	PKCALPHA	1.1637
AGID00460	530	06-822	Old	PKCALPHA_pS657	0.38587
AGID00114	932	07-875	Old	PKCDELTA_pS664	0.10295
AGID00163	1137	9371	Old	PKCPANBETAII_pS660	0.19203
AGID00126	1025	4053	Old	PKM2	NA
AGID00512	2489	5690	Set179	PLC-gamma1	0.0917587
AGID02138	2441	GTX133463	Set179	PLC-gamma2_pY759	0.5827614
AGID00084	754	4513	Set179	PLK1	-1.094263
AGID00203	1246	22510002	Set179	PMS2	-1.022296
AGID00207	1254	ab14734	Set179	Porin	-0.06250681
AGID00381	549	1483-1/ab32085	Old	PR	0.13891
AGID00081	738	AHO1031	Set179	PRAS40	0.03887222
AGID00082	739	44-1100G	Old	PRAS40_pT246	-0.00035949
AGID00424	2398	OAAF05458	Set179	PRC1_pT481	-0.1907236
AGID00492	1205	HPA007730	Old	PRDX1	0.23482
AGID00190	1204	ab102739	Old	PREX1	0.3324
AGID00061	566	9552	Old	PTEN	0.30123
AGID00364	2154	ab76942	Set179	PTPN12	-0.4295324
AGID00218	1290	4976	Set179	Puma	-0.7172698
AGID00200	1242	SAB2900066	Old	PYGB	NA
AGID00535	1494	ab61013	Old	PYGL	NA
AGID00202	1245	H00005837-M10	Old	PYGM	NA
AGID00275	1607	3291	Set179	Pyk2_pY402	0.5241063
AGID00145	1083	3539	Old	RAB11	-0.11715
AGID00169	1150	4314	Old	RAB25	1.3796
AGID00342	1979	24555	Set179	Rad23A	0.02839808
AGID00261	987	05-525	Old	RAD50	-0.5477
AGID00360	579	NA71	Old	RAD51	1.5328
AGID00158	1128	2280	Old	RAPTOR	-0.4749
AGID00059	552	9309	Old	RB	0.16023
AGID00060	557	9308	Old	RB_pS807S811	0.34176
AGID00164	1138	21390002	Old	RBM15	-0.38829
AGID00547	735	3221	Old	RET_pY905	NA
AGID00097	847	MAB3426	Set179	Rheb	-0.7831371
AGID00159	1129	2114	Old	RICTOR	1.8132
AGID00160	1130	3806	Old	RICTOR_pT1135	0.53032
AGID00282	1624	4926	Set179	RIP	0.04055693
AGID00283	1625	13526	Set179	RIP3	0.05976795
AGID00416	1368	2208	Set179	RPA32	-0.1931354
AGID00246	1375	A300-245A	Set179	RPA32_pS4_S8	-0.0170273
AGID00341	1978	3388	Set179	RRM1	0.1160065
AGID00344	1981	PA5-27856	Set179	RRM2	0.9352432
AGID00554	2425	8408	Set179	RSK1	0.9140919
AGID00353	2031	13018	Set179	S100A4	0.3137792
AGID00330	1874	2317	Old	S6	-0.32295
AGID00062	600	2211	Old	S6_pS235S236	1.104
AGID00063	601	2215	Old	S6_pS240S244	0.65867
AGID00157	1127	sc-58420	Old	SCD1	-0.1917
AGID00230	1339	11998	Set179	SDHA	0.1626287
AGID00294	1039	ab69836	Old	SETD2	0.25842
AGID00161	1131	32-4500	Old	SF2	0.31411
AGID02179	2495	3534	Set179	SFRP1	-0.4705242
AGID00431	2411	12103	Set179	SGK1	0.279764
AGID00430	2409	8156	Set179	SGK3	-0.2426914
AGID02168	2476	bs-3413R	Old	SHC_pY317	0.65725
AGID00376	2241	3397	Set179	SHP2	-0.4325651
AGID00183	1180	3751	Old	SHP2_pY542	0.8514
AGID02208	2570	ab8120	Set179	SIRP-alpha	0.2711615
AGID00222	1133	sc-99002	Old	SLC1A5	NA
AGID00255	1411	sc-136891	Set179	Slfn11	0.3831551
AGID00064	610	2954	Old	SMAC	-0.78718
AGID00113	922	1649-1/ab33902	Old	SMAD1	-0.41544
AGID00091	796	1735-1/ab40854	Old	SMAD3	-0.13637
AGID02160	2467	46535	Old	SMAD4	-0.0030146
AGID00065	616	3895	Old	SNAIL	0.72994
AGID00325	1818	4266	Set179	SOD1	0.4364435
AGID00380	1328	13141	Set179	SOD2	0.2869234
AGID00298	1670	2748	Set179	Sox2	-0.04672136
AGID00066	621	05-184	Old	SRC	0.32328
AGID02157	2463	6943	Old	SRC_pY416	2.2216
AGID00068	626	2105	Old	SRC_pY527	1.0797
AGID00185	1197	4904	Set179	Stat3	-0.07360584
AGID00388	637	9131	Old	STAT3_pY705	1.1545
AGID00069	638	1289-1/ab32043	Old	STAT5ALPHA	-0.38346
AGID00077	718	1972-1/ab52630	Old	STATHMIN	0.33775
AGID00357	2099	13647	Set179	STING	0.5704803
AGID00128	1033	sc-1240	Old	SYK	-0.0024803
AGID00070	646	05-348	Set179	Tau	0.2687399
AGID00327	777	2149	Old	TAZ	-0.01433
AGID00228	1333	7495	Set179	TFAM	-0.2808338
AGID00165	1140	22500002	Old	TFRC	-1.2945
AGID00149	1107	S1711/ab137573	Old	TIGAR	3.0012
AGID00109	908	MS-224-P1	Old	TRANSGLUTAMINASE	-0.074582
AGID00406	2370	612344	Set179	TRAP1	-0.4576339
AGID00559	2537	PA5-34561	Set179	TRIM24	-0.001668665
AGID00306	1756	ab167154	Set179	TRIM25	0.3370393
AGID00426	2400	PA5-52193	Set179	TRIP13	-0.3501722
AGID00155	1125	4906	Old	TSC1	0.31531
AGID00144	1081	2044-1/ab76013	Old	TTF1	NA
AGID00071	670	1613-1/ab32554	Old	TUBERIN	-0.21959
AGID02194	2511	ab109403	Old	TUBERIN_pT1462	-0.015005
AGID00417	1842	ab173300	Set179	TUFM	0.08049079
AGID00238	1353	sc-81417	Set179	Twist	0.1015177
AGID00436	1080	5585	Set179	Tyro3	-0.116733
AGID00295	1662	5546	Set179	U-Histone-H2B	-0.2529079
AGID00214	1270	HPA005651	Set179	UBAC1	-0.06746236
AGID00351	2020	sc-136145	Set179	UBQLN4	-0.09598667
AGID00213	1267	sc-271268	Set179	UGT1A	0.6997457
AGID00284	1626	6888	Set179	ULK1_pS757	-0.0414122
AGID00208	1256	MS304/ab14745	Set179	UQCRC2	0.06663071
AGID00313	1781	13115	Set179	UVRAG	-0.2393584
AGID00073	678	3112	Set179	VASP	0.5111403
AGID00184	1181	2502	Set179	VAV1	-0.8150205
AGID00074	688	2479	Old	VEGFR2	0.18513
AGID00421	2394	68547	Set179	VHL	0.04209478
AGID00231	1343	SAB4200080	Set179	Vinculin	0.3861038
AGID00317	1802	4936	Set179	Wee1	-0.178822
AGID00354	2058	4910	Set179	Wee1_pS642	0.1148412
AGID00285	1627	12124	Set179	WIPI1	0.2949159
AGID00286	1628	8567	Set179	WIPI2	-0.1955961
AGID02214	2576	ab195380	Set179	WTAP	-0.5745295
AGID00133	1044	sc-32136	Old	XBP1	1.685
AGID00076	699	2042	Set179	XIAP	0.07362075
AGID00241	1359	sc-56813	Set179	XPA	-1.232354
AGID00349	1354	ab3299	Set179	XPF	-0.2374767
AGID02137	2440	PA5-29359	Old	XRCC1	-0.22305
AGID00088	780	sc-15407	Old	YAP	-0.23457
AGID00089	782	4911	Old	YAP_pS127	-0.093984
AGID00504	700	17250002	Old	YB1	-0.37453
AGID00095	835	2900	Old	YB1_pS102	0.12207
AGID02217	2579	ab220163	Set179	YTHDF2	-0.2853991
AGID02210	2572	ab220161	Set179	YTHDF3	-0.1314825
AGID00326	1828	2705	Set179	ZAP-70	-1.54457
AGID00432	2244	sc-25388	Set179	ZEB1	-0.352993
